-- Sample data for NDC PLUS 2 Schema

-- Insert sample events
INSERT INTO EVENT (EVID, MONITORING_ORGANIZATION, REMARK_GID, LDDATE) VALUES
(1, 'IRIS', 'event_001', '2024-01-15 08:30:00'),
(2, 'USGS', 'event_002', '2024-01-15 14:22:00'),
(3, 'EMSC', 'event_003', '2024-01-16 03:45:00');

-- Insert sample location solutions
INSERT INTO LOCATION_SOLUTION (ORID, EVID, LAT, LON, DEPTH, TIME, GRN, SRN, ALGORITHM, AUTHOR, STAGE, ISCURRENT, MODDATE, LDDATE, ETYPE, DEPDP, DTYPE) VALUES
(101, 1, 35.6762, 139.6503, 10.5, '2024-01-15 08:30:15', 15, 8, 'GRID_SEARCH', 'analyst1', 'AUTOMATIC', true, '2024-01-15 08:32:00', '2024-01-15 08:32:00', 'earthquake', 0.5, 'f'),
(102, 2, 37.7749, -122.4194, 8.2, '2024-01-15 14:22:30', 12, 6, 'LOCSAT', 'analyst2', 'REVIEWED', true, '2024-01-15 14:25:00', '2024-01-15 14:25:00', 'earthquake', 0.3, 'f'),
(103, 3, 40.7128, -74.0060, 15.8, '2024-01-16 03:45:45', 18, 10, 'HYPOELLIPSE', 'analyst3', 'FINAL', true, '2024-01-16 04:00:00', '2024-01-16 04:00:00', 'earthquake', 0.8, 'f');

-- Insert sample location uncertainties
INSERT INTO LOCATION_UNCERTAINTY (ORID, XX, YY, ZZ, TT, XY, XZ, YZ, TX, TY, TZ, STD_DEV_TRAVEL_TIME_RESIDUALS, STAGE, ISCURRENT, MODDATE, LDDATE, REMARK_GID) VALUES
(101, 2.5, 3.1, 1.8, 0.15, 0.8, 0.5, 0.3, 0.05, 0.06, 0.04, 0.25, 'AUTOMATIC', true, '2024-01-15 08:32:00', '2024-01-15 08:32:00', 'unc_001'),
(102, 1.9, 2.4, 1.2, 0.12, 0.6, 0.4, 0.2, 0.04, 0.05, 0.03, 0.18, 'REVIEWED', true, '2024-01-15 14:25:00', '2024-01-15 14:25:00', 'unc_002'),
(103, 3.2, 3.8, 2.1, 0.18, 1.0, 0.7, 0.4, 0.06, 0.07, 0.05, 0.32, 'FINAL', true, '2024-01-16 04:00:00', '2024-01-16 04:00:00', 'unc_003');

-- Insert sample signal detection hypotheses
INSERT INTO SIGNAL_DETECTION_HYPOTHESIS (ARID, STA_NAME, STA_EFFECTIVE_AT, MONITORING_ORGANIZATION, DELETED, AUTHOR, STAGE, ISCURRENT, MODDATE, LDDATE, CHAN, STASSID, REMARK_GID) VALUES
(1001, 'ANMO', '2024-01-01 00:00:00', 'IRIS', false, 'auto_detector', 'AUTOMATIC', true, '2024-01-15 08:30:30', '2024-01-15 08:30:30', 'BHZ', 2001, 'det_001'),
(1002, 'COLA', '2024-01-01 00:00:00', 'IRIS', false, 'auto_detector', 'AUTOMATIC', true, '2024-01-15 14:22:45', '2024-01-15 14:22:45', 'BHZ', 2002, 'det_002'),
(1003, 'FURI', '2024-01-01 00:00:00', 'IRIS', false, 'auto_detector', 'AUTOMATIC', true, '2024-01-16 03:46:00', '2024-01-16 03:46:00', 'BHZ', 2003, 'det_003');

-- Insert sample location behaviors
INSERT INTO LOCATION_BEHAVIOR (LOCATION_BEHAVIOR_ID, ORID, ARID, FMID, FPID, VALUE_TYPE, DEFINING, REQUESTED_DEFINING, RESIDUAL, WEIGHT, LDDATE) VALUES
(3001, 101, 1001, 4001, 5001, 'ARRIVAL_TIME', true, true, 0.15, 1.0, '2024-01-15 08:32:00'),
(3002, 102, 1002, 4002, 5002, 'ARRIVAL_TIME', true, true, -0.08, 0.9, '2024-01-15 14:25:00'),
(3003, 103, 1003, 4003, 5003, 'ARRIVAL_TIME', true, true, 0.22, 0.8, '2024-01-16 04:00:00');

-- Insert sample amplitudes
INSERT INTO AMPLITUDE (AMPID, ARID, AMPLITUDE, UNITS, SNR, LDDATE, FILTERID, FILTER_USAGE, CHAN_CANONICAL_NAME, CHAN_EFFECTIVE_AT, MEASUREMENT_TYPE) VALUES
(6001, 1001, 1.5e-6, 'm/s', 15.2, '2024-01-15 08:30:30', 7001, 'DETECTION', 'ANMO.BHZ', '2024-01-01 00:00:00', 'PEAK_AMPLITUDE'),
(6002, 1002, 2.3e-6, 'm/s', 22.1, '2024-01-15 14:22:45', 7002, 'DETECTION', 'COLA.BHZ', '2024-01-01 00:00:00', 'PEAK_AMPLITUDE'),
(6003, 1003, 3.1e-6, 'm/s', 18.7, '2024-01-16 03:46:00', 7003, 'DETECTION', 'FURI.BHZ', '2024-01-01 00:00:00', 'PEAK_AMPLITUDE');

-- Insert sample feature measurements (numeric)
INSERT INTO FEATURE_MEASUREMENT_NUMERIC (FMNUM_ID, ARID, FILTERID, FILTER_USAGE, CHAN_CANONICAL_NAME, CHAN_EFFECTIVE_AT, MEASUREMENT_TYPE, MEASURED_VALUE, STANDARD_DEVIATION, LDDATE) VALUES
(8001, 1001, 7001, 'DETECTION', 'ANMO.BHZ', '2024-01-01 00:00:00', 'FREQUENCY', 4.2, 0.3, '2024-01-15 08:30:30'),
(8002, 1002, 7002, 'DETECTION', 'COLA.BHZ', '2024-01-01 00:00:00', 'FREQUENCY', 3.8, 0.25, '2024-01-15 14:22:45'),
(8003, 1003, 7003, 'DETECTION', 'FURI.BHZ', '2024-01-01 00:00:00', 'FREQUENCY', 4.5, 0.35, '2024-01-16 03:46:00');

-- Insert sample feature prediction components
INSERT INTO FEATURE_PREDICTION_COMPONENT (FPCID, PHASE, CHANNEL_OBJECT_ID, METHOD, SCATTER, LDDATE) VALUES
(9001, 'P', 10001, 'AK135', 0.15, '2024-01-15 08:30:00'),
(9002, 'S', 10002, 'AK135', 0.25, '2024-01-15 14:22:00'),
(9003, 'P', 10003, 'IASP91', 0.18, '2024-01-16 03:45:00');

-- Insert sample channel segments
INSERT INTO CHANNEL_SEGMENT (CHANSEG_ID, CHAN_CANONICAL_NAME, CHAN_EFFECTIVE_AT, TIME_SERIES_TYPE, START_TIME, END_TIME, CREATION_TIME, LDDATE, REFERENCE_ID) VALUES
(11001, 'ANMO.BHZ', '2024-01-01 00:00:00', 'CONTINUOUS', '2024-01-15 08:00:00', '2024-01-15 09:00:00', '2024-01-15 08:05:00', '2024-01-15 08:05:00', 12001),
(11002, 'COLA.BHZ', '2024-01-01 00:00:00', 'CONTINUOUS', '2024-01-15 14:00:00', '2024-01-15 15:00:00', '2024-01-15 14:05:00', '2024-01-15 14:05:00', 12002),
(11003, 'FURI.BHZ', '2024-01-01 00:00:00', 'CONTINUOUS', '2024-01-16 03:00:00', '2024-01-16 04:00:00', '2024-01-16 03:05:00', '2024-01-16 03:05:00', 12003);

-- Insert sample waveform data
INSERT INTO CHANNEL_SEGMENT_WAVEFORM (WFID, CHANSEG_ID, SEGMENT, SAMPLES, SAMP_RATE_HZ, START_TIME, END_TIME, STORAGE_OFFSET, STORAGE_LENGTH, SEQUENCE_NUMBER, QC_SEGMENT_VERSION, LDDATE) VALUES
(13001, 11001, 1, 180000, 50, '2024-01-15 08:00:00', '2024-01-15 09:00:00', 0, 720000, 1, 1, '2024-01-15 08:05:00'),
(13002, 11002, 1, 180000, 50, '2024-01-15 14:00:00', '2024-01-15 15:00:00', 0, 720000, 1, 1, '2024-01-15 14:05:00'),
(13003, 11003, 1, 180000, 50, '2024-01-16 03:00:00', '2024-01-16 04:00:00', 0, 720000, 1, 1, '2024-01-16 03:05:00');

-- Insert sample network magnitude solutions
INSERT INTO NETWORK_MAGNITUDE_SOLUTION (NETMAGID, ORID, REMARK_GID, MAGTYPE, MAGNITUDE, UNCERTAINTY, STATUS, AUTHOR, STAGE, ISCURRENT, MODDATE, LDDATE) VALUES
(14001, 101, 'mag_001', 'mb', 4.2, 0.1, 'FINAL', 'magnitude_analyst', 'REVIEWED', true, '2024-01-15 08:35:00', '2024-01-15 08:35:00'),
(14002, 102, 'mag_002', 'mb', 3.8, 0.15, 'FINAL', 'magnitude_analyst', 'REVIEWED', true, '2024-01-15 14:30:00', '2024-01-15 14:30:00'),
(14003, 103, 'mag_003', 'mb', 4.5, 0.12, 'FINAL', 'magnitude_analyst', 'REVIEWED', true, '2024-01-16 04:05:00', '2024-01-16 04:05:00');

-- Insert sample station magnitude solutions
INSERT INTO STATION_MAGNITUDE_SOLUTION (MAGID, NETMAGID, AMPID, REMARK_GID, STA_NAME, STA_EFFECTIVE_AT, PHASE, DELTA, MAGTYPE, MAGNITUDE, UNCERTAINTY, RESIDUAL, WEIGHT, DEFINING, REQUESTED_DEFINING, ATTENUATION_MODEL, MODEL_CORRECTION, STATION_CORRECTION, AUTHOR, STAGE, ISCURRENT, MODDATE, LDDATE) VALUES
(15001, 14001, 6001, 'stamag_001', 'ANMO', '2024-01-01 00:00:00', 'P', 5.2, 'mb', 4.15, 0.08, -0.05, 1.0, 'Y', 'Y', 'VEITH_CLAWSON', 0.02, -0.03, 'magnitude_analyst', 'REVIEWED', true, '2024-01-15 08:35:00', '2024-01-15 08:35:00'),
(15002, 14002, 6002, 'stamag_002', 'COLA', '2024-01-01 00:00:00', 'P', 8.7, 'mb', 3.85, 0.12, 0.05, 0.9, 'Y', 'Y', 'VEITH_CLAWSON', 0.01, -0.02, 'magnitude_analyst', 'REVIEWED', true, '2024-01-15 14:30:00', '2024-01-15 14:30:00'),
(15003, 14003, 6003, 'stamag_003', 'FURI', '2024-01-01 00:00:00', 'P', 12.1, 'mb', 4.48, 0.10, -0.02, 0.8, 'Y', 'Y', 'VEITH_CLAWSON', 0.03, -0.01, 'magnitude_analyst', 'REVIEWED', true, '2024-01-16 04:05:00', '2024-01-16 04:05:00');

-- Insert sample remarks
INSERT INTO REMARK (REMARK_ID, REMARK_GID, REMARK, AUTHOR, LDDATE) VALUES
(16001, 'event_001', 'Shallow earthquake near Tokyo, Japan', 'analyst1', '2024-01-15 08:32:00'),
(16002, 'event_002', 'Small earthquake in San Francisco Bay Area', 'analyst2', '2024-01-15 14:25:00'),
(16003, 'event_003', 'Local earthquake in New York region', 'analyst3', '2024-01-16 04:00:00');

-- Insert sample stage metrics
INSERT INTO STAGE_METRICS (METRIC_ID, ENTITY_TABLE, ENTITY_ID, STATE, STATE_REASON, STATUS, START_TIME, END_TIME, PROCESSING_START_TIME, PROCESSING_END_TIME, ARID, ORID, EVID, AMPID, MAGID, LDDATE) VALUES
(17001, 'EVENT', 1, 'COMPLETE', 'All processing stages finished', 'SUCCESS', '2024-01-15 08:30:00', '2024-01-15 08:35:00', '2024-01-15 08:30:05', '2024-01-15 08:34:55', 1001, 101, 1, 6001, 15001, '2024-01-15 08:35:00'),
(17002, 'EVENT', 2, 'COMPLETE', 'All processing stages finished', 'SUCCESS', '2024-01-15 14:22:00', '2024-01-15 14:30:00', '2024-01-15 14:22:05', '2024-01-15 14:29:55', 1002, 102, 2, 6002, 15002, '2024-01-15 14:30:00'),
(17003, 'EVENT', 3, 'COMPLETE', 'All processing stages finished', 'SUCCESS', '2024-01-16 03:45:00', '2024-01-16 04:05:00', '2024-01-16 03:45:05', '2024-01-16 04:04:55', 1003, 103, 3, 6003, 15003, '2024-01-16 04:05:00');